{
  "datasets_run": [
    "employee_attrition_datasettrain",
    "ibm_hr_attrition",
    "synthetic_employee_attrition_74498train"
  ],
  "skipped_datasets": [],
  "average_by_approach": [
    {
      "approach": "Baseline",
      "accuracy": 0.7969387755102041,
      "precision": 0.6323690270581462,
      "recall": 0.3623104471995779,
      "f1": 0.407559926947442,
      "roc_auc": 0.6770238272422855,
      "pr_auc": 0.5127350339308084,
      "recall_at_top_10_percent": 0.2297323747279767,
      "recall_at_top_20_percent": 0.3482854730624803,
      "lift_at_top_10_percent": 2.2689549529535253,
      "lift_at_top_20_percent": 1.738061576155051,
      "predictive_score": 0.5426596042243262,
      "usability_score": 0.25,
      "fair_use_score": 0.25,
      "final_project_score": 0.44900853087254194
    },
    {
      "approach": "Retainly",
      "accuracy": 0.7112981859410431,
      "precision": 0.4122147772546179,
      "recall": 0.5627605997341162,
      "f1": 0.47557053437224556,
      "roc_auc": 0.6850185292849483,
      "pr_auc": 0.4886081213806884,
      "recall_at_top_10_percent": 0.20868945114125825,
      "recall_at_top_20_percent": 0.35920447844596765,
      "lift_at_top_10_percent": 2.062781036235277,
      "lift_at_top_20_percent": 1.7927768098281074,
      "predictive_score": 0.5520069416390557,
      "usability_score": 1.0,
      "fair_use_score": 1.0,
      "final_project_score": 0.695364720314558
    }
  ],
  "average_baseline_metrics": {
    "accuracy": 0.7969387755102041,
    "precision": 0.6323690270581462,
    "recall": 0.3623104471995779,
    "f1": 0.407559926947442,
    "roc_auc": 0.6770238272422855,
    "pr_auc": 0.5127350339308084,
    "recall_at_top_10_percent": 0.2297323747279767,
    "recall_at_top_20_percent": 0.3482854730624803,
    "lift_at_top_10_percent": 2.2689549529535253,
    "lift_at_top_20_percent": 1.738061576155051,
    "predictive_score": 0.5426596042243262,
    "usability_score": 0.25,
    "fair_use_score": 0.25,
    "final_project_score": 0.44900853087254194
  },
  "average_retainly_metrics": {
    "accuracy": 0.7112981859410431,
    "precision": 0.4122147772546179,
    "recall": 0.5627605997341162,
    "f1": 0.47557053437224556,
    "roc_auc": 0.6850185292849483,
    "pr_auc": 0.4886081213806884,
    "recall_at_top_10_percent": 0.20868945114125825,
    "recall_at_top_20_percent": 0.35920447844596765,
    "lift_at_top_10_percent": 2.062781036235277,
    "lift_at_top_20_percent": 1.7927768098281074,
    "predictive_score": 0.5520069416390557,
    "usability_score": 1.0,
    "fair_use_score": 1.0,
    "final_project_score": 0.695364720314558
  },
  "average_lift": {
    "accuracy": -0.08564058956916099,
    "precision": -0.22015424980352832,
    "recall": 0.2004501525345383,
    "f1": 0.06801060742480358,
    "roc_auc": 0.007994702042662838,
    "pr_auc": -0.02412691255012006,
    "recall_at_top_10_percent": -0.021042923586718443,
    "recall_at_top_20_percent": 0.010919005383487335,
    "lift_at_top_10_percent": -0.20617391671824814,
    "lift_at_top_20_percent": 0.05471523367305631,
    "predictive_score": 0.009347337414729484,
    "usability_score": 0.75,
    "fair_use_score": 0.75,
    "final_project_score": 0.24635618944201604
  },
  "best_overall_approach": "Retainly",
  "conclusion": "Retainly is evaluated as a multi-agent attrition decision-support workflow. Baseline models may be stronger on accuracy or precision on some datasets. Retainly is designed for HR intervention, where recall, F1, PR-AUC, probability-ranked top-k prioritization, explainable drivers, HR action planning, and a Fair Use Check matter. The final project score summarizes predictive performance and decision-support value."
}